id,name,nba_player_id,overall,photo_url,player_page_url
"P0001","Precious Achiuwa","1630173","","https://cdn.nba.com/headshots/nba/latest/1040x760/1630173.png","https://www.nba.com/player/1630173"
"P0002","Steven Adams","203500","76","https://cdn.nba.com/headshots/nba/latest/1040x760/203500.png","https://www.nba.com/player/203500"
"P0003","Bam Adebayo","1628389","88","https://cdn.nba.com/headshots/nba/latest/1040x760/1628389.png","https://www.nba.com/player/1628389"
"P0004","Ochai Agbaji","1630534","73","https://cdn.nba.com/headshots/nba/latest/1040x760/1630534.png","https://www.nba.com/player/1630534"
"P0005","Santi Aldama","1630583","78","https://cdn.nba.com/headshots/nba/latest/1040x760/1630583.png","https://www.nba.com/player/1630583"
"P0006","Trey Alexander","1641725","","https://cdn.nba.com/headshots/nba/latest/1040x760/1641725.png","https://www.nba.com/player/1641725"
"P0007","Nickeil Alexander-Walker","1629638","80","https://cdn.nba.com/headshots/nba/latest/1040x760/1629638.png","https://www.nba.com/player/1629638"
"P0008","Grayson Allen","1628960","78","https://cdn.nba.com/headshots/nba/latest/1040x760/1628960.png","https://www.nba.com/player/1628960"
"P0009","Jarrett Allen","1628386","84","https://cdn.nba.com/headshots/nba/latest/1040x760/1628386.png","https://www.nba.com/player/1628386"
"P0010","Jose Alvarado","1630631","77","https://cdn.nba.com/headshots/nba/latest/1040x760/1630631.png","https://www.nba.com/player/1630631"
"P0011","Kyle Anderson","203937","74","https://cdn.nba.com/headshots/nba/latest/1040x760/203937.png","https://www.nba.com/player/203937"
"P0012","Alex Antetokounmpo","1630828","","https://cdn.nba.com/headshots/nba/latest/1040x760/1630828.png","https://www.nba.com/player/1630828"
"P0013","Giannis Antetokounmpo","203507","97","https://cdn.nba.com/headshots/nba/latest/1040x760/203507.png","https://www.nba.com/player/203507"
"P0014","Thanasis Antetokounmpo","203648","","https://cdn.nba.com/headshots/nba/latest/1040x760/203648.png","https://www.nba.com/player/203648"
"P0015","Cole Anthony","1630175","78","https://cdn.nba.com/headshots/nba/latest/1040x760/1630175.png","https://www.nba.com/player/1630175"
"P0016","OG Anunoby","1628384","85","https://cdn.nba.com/headshots/nba/latest/1040x760/1628384.png","https://www.nba.com/player/1628384"
"P0017","Deni Avdija","1630166","","https://cdn.nba.com/headshots/nba/latest/1040x760/1630166.png","https://www.nba.com/player/1630166"
"P0018","Deandre Ayton","1629028","","https://cdn.nba.com/headshots/nba/latest/1040x760/1629028.png","https://www.nba.com/player/1629028"
"P0019","Marvin Bagley III","1628963","","https://cdn.nba.com/headshots/nba/latest/1040x760/1628963.png","https://www.nba.com/player/1628963"
"P0020","Ace Bailey","1642846","77","https://cdn.nba.com/headshots/nba/latest/1040x760/1642846.png","https://www.nba.com/player/1642846"
"P0021","LaMelo Ball","1630163","87","https://cdn.nba.com/headshots/nba/latest/1040x760/1630163.png","https://www.nba.com/player/1630163"
"P0022","Lonzo Ball","1628366","78","https://cdn.nba.com/headshots/nba/latest/1040x760/1628366.png","https://www.nba.com/player/1628366"
"P0023","Paolo Banchero","1631094","90","https://cdn.nba.com/headshots/nba/latest/1040x760/1631094.png","https://www.nba.com/player/1631094"
"P0024","Desmond Bane","1630217","81","https://cdn.nba.com/headshots/nba/latest/1040x760/1630217.png","https://www.nba.com/player/1630217"
"P0025","Dominick Barlow","1631230","","https://cdn.nba.com/headshots/nba/latest/1040x760/1631230.png","https://www.nba.com/player/1631230"
"P0026","Harrison Barnes","203084","78","https://cdn.nba.com/headshots/nba/latest/1040x760/203084.png","https://www.nba.com/player/203084"
"P0027","Scottie Barnes","1630567","85","https://cdn.nba.com/headshots/nba/latest/1040x760/1630567.png","https://www.nba.com/player/1630567"
"P0028","Brooks Barnhizer","1642964","69","https://cdn.nba.com/headshots/nba/latest/1040x760/1642964.png","https://www.nba.com/player/1642964"
"P0029","RJ Barrett","1629628","82","https://cdn.nba.com/headshots/nba/latest/1040x760/1629628.png","https://www.nba.com/player/1629628"
"P0030","Charles Bassey","1629646","","https://cdn.nba.com/headshots/nba/latest/1040x760/1629646.png","https://www.nba.com/player/1629646"
"P0031","Tamar Bates","1642926","68","https://cdn.nba.com/headshots/nba/latest/1040x760/1642926.png","https://www.nba.com/player/1642926"
"P0032","Jamison Battle","1642419","71","https://cdn.nba.com/headshots/nba/latest/1040x760/1642419.png","https://www.nba.com/player/1642419"
"P0033","Nicolas Batum","201587","75","https://cdn.nba.com/headshots/nba/latest/1040x760/201587.png","https://www.nba.com/player/201587"
"P0034","Bradley Beal","203078","80","https://cdn.nba.com/headshots/nba/latest/1040x760/203078.png","https://www.nba.com/player/203078"
"P0035","Joan Beringer","1642866","70","https://cdn.nba.com/headshots/nba/latest/1040x760/1642866.png","https://www.nba.com/player/1642866"
"P0036","Saddiq Bey","1630180","77","https://cdn.nba.com/headshots/nba/latest/1040x760/1630180.png","https://www.nba.com/player/1630180"
"P0037","Goga Bitadze","1629048","76","https://cdn.nba.com/headshots/nba/latest/1040x760/1629048.png","https://www.nba.com/player/1629048"
"P0038","Bismack Biyombo","202687","","https://cdn.nba.com/headshots/nba/latest/1040x760/202687.png","https://www.nba.com/player/202687"
"P0039","Anthony Black","1641710","76","https://cdn.nba.com/headshots/nba/latest/1040x760/1641710.png","https://www.nba.com/player/1641710"
"P0040","Bogdan Bogdanović","203992","78","https://cdn.nba.com/headshots/nba/latest/1040x760/203992.png","https://www.nba.com/player/203992"
"P0041","Adem Bona","1641737","","https://cdn.nba.com/headshots/nba/latest/1040x760/1641737.png","https://www.nba.com/player/1641737"
"P0042","Devin Booker","1626164","93","https://cdn.nba.com/headshots/nba/latest/1040x760/1626164.png","https://www.nba.com/player/1626164"
"P0043","Chris Boucher","1628449","73","https://cdn.nba.com/headshots/nba/latest/1040x760/1628449.png","https://www.nba.com/player/1628449"
"P0044","Tony Bradley","1628396","","https://cdn.nba.com/headshots/nba/latest/1040x760/1628396.png","https://www.nba.com/player/1628396"
"P0045","Malaki Branham","1631103","","https://cdn.nba.com/headshots/nba/latest/1040x760/1631103.png","https://www.nba.com/player/1631103"
"P0046","Christian Braun","1631128","80","https://cdn.nba.com/headshots/nba/latest/1040x760/1631128.png","https://www.nba.com/player/1631128"
"P0047","Koby Brea","1642886","","https://cdn.nba.com/headshots/nba/latest/1040x760/1642886.png","https://www.nba.com/player/1642886"
"P0048","Mikal Bridges","1628969","84","https://cdn.nba.com/headshots/nba/latest/1040x760/1628969.png","https://www.nba.com/player/1628969"
"P0049","Miles Bridges","1628970","80","https://cdn.nba.com/headshots/nba/latest/1040x760/1628970.png","https://www.nba.com/player/1628970"
"P0050","Dillon Brooks","1628415","79","https://cdn.nba.com/headshots/nba/latest/1040x760/1628415.png","https://www.nba.com/player/1628415"
"P0051","Johni Broome","1641780","","https://cdn.nba.com/headshots/nba/latest/1040x760/1641780.png","https://www.nba.com/player/1641780"
"P0052","Bruce Brown","1628971","76","https://cdn.nba.com/headshots/nba/latest/1040x760/1628971.png","https://www.nba.com/player/1628971"
"P0053","Jaylen Brown","1627759","91","https://cdn.nba.com/headshots/nba/latest/1040x760/1627759.png","https://www.nba.com/player/1627759"
"P0054","Kobe Brown","1641738","71","https://cdn.nba.com/headshots/nba/latest/1040x760/1641738.png","https://www.nba.com/player/1641738"
"P0055","Jalen Brunson","1628973","93","https://cdn.nba.com/headshots/nba/latest/1040x760/1628973.png","https://www.nba.com/player/1628973"
"P0056","Carter Bryant","1642868","","https://cdn.nba.com/headshots/nba/latest/1040x760/1642868.png","https://www.nba.com/player/1642868"
"P0057","Thomas Bryant","1628418","","https://cdn.nba.com/headshots/nba/latest/1040x760/1628418.png","https://www.nba.com/player/1628418"
"P0058","Jimmy Butler III","202710","87","https://cdn.nba.com/headshots/nba/latest/1040x760/202710.png","https://www.nba.com/player/202710"
"P0059","Matas Buzelis","1641824","79","https://cdn.nba.com/headshots/nba/latest/1040x760/1641824.png","https://www.nba.com/player/1641824"
"P0060","Jamal Cain","1631288","","https://cdn.nba.com/headshots/nba/latest/1040x760/1631288.png","https://www.nba.com/player/1631288"
"P0061","Kentavious Caldwell-Pope","203484","75","https://cdn.nba.com/headshots/nba/latest/1040x760/203484.png","https://www.nba.com/player/203484"
"P0062","Toumani Camara","1641739","","https://cdn.nba.com/headshots/nba/latest/1040x760/1641739.png","https://www.nba.com/player/1641739"
"P0063","Clint Capela","203991","","https://cdn.nba.com/headshots/nba/latest/1040x760/203991.png","https://www.nba.com/player/203991"
"P0064","Dylan Cardwell","1642928","68","https://cdn.nba.com/headshots/nba/latest/1040x760/1642928.png","https://www.nba.com/player/1642928"
"P0065","Branden Carlson","1642382","70","https://cdn.nba.com/headshots/nba/latest/1040x760/1642382.png","https://www.nba.com/player/1642382"
"P0066","Bub Carrington","1642267","70","https://cdn.nba.com/headshots/nba/latest/1040x760/1642267.png","https://www.nba.com/player/1642267"
"P0067","Devin Carter","1642269","74","https://cdn.nba.com/headshots/nba/latest/1040x760/1642269.png","https://www.nba.com/player/1642269"
"P0068","Jevon Carter","1628975","73","https://cdn.nba.com/headshots/nba/latest/1040x760/1628975.png","https://www.nba.com/player/1628975"
"P0069","Wendell Carter Jr.","1628976","78","https://cdn.nba.com/headshots/nba/latest/1040x760/1628976.png","https://www.nba.com/player/1628976"
"P0070","Alex Caruso","1627936","80","https://cdn.nba.com/headshots/nba/latest/1040x760/1627936.png","https://www.nba.com/player/1627936"
"P0071","Stephon Castle","1642264","84","https://cdn.nba.com/headshots/nba/latest/1040x760/1642264.png","https://www.nba.com/player/1642264"
"P0072","Colin Castleton","1630658","","https://cdn.nba.com/headshots/nba/latest/1040x760/1630658.png","https://www.nba.com/player/1630658"
"P0073","Julian Champagnie","1630577","73","https://cdn.nba.com/headshots/nba/latest/1040x760/1630577.png","https://www.nba.com/player/1630577"
"P0074","Justin Champagnie","1630551","71","https://cdn.nba.com/headshots/nba/latest/1040x760/1630551.png","https://www.nba.com/player/1630551"
"P0075","Cam Christie","1642353","68","https://cdn.nba.com/headshots/nba/latest/1040x760/1642353.png","https://www.nba.com/player/1642353"
"P0076","Max Christie","1631108","75","https://cdn.nba.com/headshots/nba/latest/1040x760/1631108.png","https://www.nba.com/player/1631108"
"P0077","Moussa Cisse","1630619","","https://cdn.nba.com/headshots/nba/latest/1040x760/1630619.png","https://www.nba.com/player/1630619"
"P0078","Sidy Cissoko","1631321","73","https://cdn.nba.com/headshots/nba/latest/1040x760/1631321.png","https://www.nba.com/player/1631321"
"P0079","Jaylen Clark","1641740","73","https://cdn.nba.com/headshots/nba/latest/1040x760/1641740.png","https://www.nba.com/player/1641740"
"P0080","Brandon Clarke","1629634","78","https://cdn.nba.com/headshots/nba/latest/1040x760/1629634.png","https://www.nba.com/player/1629634"
"P0081","Jordan Clarkson","203903","78","https://cdn.nba.com/headshots/nba/latest/1040x760/203903.png","https://www.nba.com/player/203903"
"P0082","Nic Claxton","1629651","","https://cdn.nba.com/headshots/nba/latest/1040x760/1629651.png","https://www.nba.com/player/1629651"
"P0083","Walter Clayton Jr.","1642383","72","https://cdn.nba.com/headshots/nba/latest/1040x760/1642383.png","https://www.nba.com/player/1642383"
"P0084","Nique Clifford","1642363","71","https://cdn.nba.com/headshots/nba/latest/1040x760/1642363.png","https://www.nba.com/player/1642363"
"P0085","Donovan Clingan","1642270","","https://cdn.nba.com/headshots/nba/latest/1040x760/1642270.png","https://www.nba.com/player/1642270"
"P0086","Noah Clowney","1641730","73","https://cdn.nba.com/headshots/nba/latest/1040x760/1641730.png","https://www.nba.com/player/1641730"
"P0087","Amir Coffey","1629599","","https://cdn.nba.com/headshots/nba/latest/1040x760/1629599.png","https://www.nba.com/player/1629599"
"P0088","Isaiah Collier","1642268","78","https://cdn.nba.com/headshots/nba/latest/1040x760/1642268.png","https://www.nba.com/player/1642268"
"P0089","John Collins","1628381","82","https://cdn.nba.com/headshots/nba/latest/1040x760/1628381.png","https://www.nba.com/player/1628381"
"P0090","Zach Collins","1628380","77","https://cdn.nba.com/headshots/nba/latest/1040x760/1628380.png","https://www.nba.com/player/1628380"
"P0091","Mike Conley","201144","78","https://cdn.nba.com/headshots/nba/latest/1040x760/201144.png","https://www.nba.com/player/201144"
"P0092","Pat Connaughton","1626192","77","https://cdn.nba.com/headshots/nba/latest/1040x760/1626192.png","https://www.nba.com/player/1626192"
"P0093","Javonte Cooke","1631451","","https://cdn.nba.com/headshots/nba/latest/1040x760/1631451.png","https://www.nba.com/player/1631451"
"P0094","Sharife Cooper","1630536","","https://cdn.nba.com/headshots/nba/latest/1040x760/1630536.png","https://www.nba.com/player/1630536"
"P0095","Bilal Coulibaly","1641731","77","https://cdn.nba.com/headshots/nba/latest/1040x760/1641731.png","https://www.nba.com/player/1641731"
"P0096","Cedric Coward","1642907","72","https://cdn.nba.com/headshots/nba/latest/1040x760/1642907.png","https://www.nba.com/player/1642907"
"P0097","Isaiah Crawford","1642384","68","https://cdn.nba.com/headshots/nba/latest/1040x760/1642384.png","https://www.nba.com/player/1642384"
"P0098","Cade Cunningham","1630595","","https://cdn.nba.com/headshots/nba/latest/1040x760/1630595.png","https://www.nba.com/player/1630595"
"P0099","Stephen Curry","201939","","https://cdn.nba.com/headshots/nba/latest/1040x760/201939.png","https://www.nba.com/player/201939"
"P0100","Tristan da Silva","1641783","","https://cdn.nba.com/headshots/nba/latest/1040x760/1641783.png","https://www.nba.com/player/1641783"
"P0101","Pacôme Dadiet","1642359","69","https://cdn.nba.com/headshots/nba/latest/1040x760/1642359.png","https://www.nba.com/player/1642359"
"P0102","Dyson Daniels","1630700","76","https://cdn.nba.com/headshots/nba/latest/1040x760/1630700.png","https://www.nba.com/player/1630700"
"P0103","N'Faly Dante","1642368","","https://cdn.nba.com/headshots/nba/latest/1040x760/1642368.png","https://www.nba.com/player/1642368"
"P0104","Anthony Davis","203076","93","https://cdn.nba.com/headshots/nba/latest/1040x760/203076.png","https://www.nba.com/player/203076"
"P0105","JD Davison","1631120","70","https://cdn.nba.com/headshots/nba/latest/1040x760/1631120.png","https://www.nba.com/player/1631120"
"P0106","Egor Dëmin","1642856","72","https://cdn.nba.com/headshots/nba/latest/1040x760/1642856.png","https://www.nba.com/player/1642856"
"P0107","RayJ Dennis","1642484","","https://cdn.nba.com/headshots/nba/latest/1040x760/1642484.png","https://www.nba.com/player/1642484"
"P0108","DeMar DeRozan","201942","85","https://cdn.nba.com/headshots/nba/latest/1040x760/201942.png","https://www.nba.com/player/201942"
"P0109","Moussa Diabaté","1631217","73","https://cdn.nba.com/headshots/nba/latest/1040x760/1631217.png","https://www.nba.com/player/1631217"
"P0110","Mohamed Diawara","1642885","","https://cdn.nba.com/headshots/nba/latest/1040x760/1642885.png","https://www.nba.com/player/1642885"
"P0111","Gradey Dick","1641711","78","https://cdn.nba.com/headshots/nba/latest/1040x760/1641711.png","https://www.nba.com/player/1641711"
"P0112","Hunter Dickinson","1630621","","https://cdn.nba.com/headshots/nba/latest/1040x760/1630621.png","https://www.nba.com/player/1630621"
"P0113","Ousmane Dieng","1631172","72","https://cdn.nba.com/headshots/nba/latest/1040x760/1631172.png","https://www.nba.com/player/1631172"
"P0114","Rob Dillingham","1642265","74","https://cdn.nba.com/headshots/nba/latest/1040x760/1642265.png","https://www.nba.com/player/1642265"
"P0115","Donte DiVincenzo","1628978","78","https://cdn.nba.com/headshots/nba/latest/1040x760/1628978.png","https://www.nba.com/player/1628978"
"P0116","Luka Dončić","1629029","97","https://cdn.nba.com/headshots/nba/latest/1040x760/1629029.png","https://www.nba.com/player/1629029"
"P0117","Luguentz Dort","1629652","81","https://cdn.nba.com/headshots/nba/latest/1040x760/1629652.png","https://www.nba.com/player/1629652"
"P0118","Ayo Dosunmu","1630245","76","https://cdn.nba.com/headshots/nba/latest/1040x760/1630245.png","https://www.nba.com/player/1630245"
"P0119","Andre Drummond","203083","","https://cdn.nba.com/headshots/nba/latest/1040x760/203083.png","https://www.nba.com/player/203083"
"P0120","Kris Dunn","1627739","76","https://cdn.nba.com/headshots/nba/latest/1040x760/1627739.png","https://www.nba.com/player/1627739"
"P0121","Ryan Dunn","1642346","70","https://cdn.nba.com/headshots/nba/latest/1040x760/1642346.png","https://www.nba.com/player/1642346"
"P0122","Kevin Durant","201142","94","https://cdn.nba.com/headshots/nba/latest/1040x760/201142.png","https://www.nba.com/player/201142"
"P0123","Jalen Duren","1631105","","https://cdn.nba.com/headshots/nba/latest/1040x760/1631105.png","https://www.nba.com/player/1631105"
"P0124","Nikola Đurišić","1642365","","https://cdn.nba.com/headshots/nba/latest/1040x760/1642365.png","https://www.nba.com/player/1642365"
"P0125","Tari Eason","1631106","76","https://cdn.nba.com/headshots/nba/latest/1040x760/1631106.png","https://www.nba.com/player/1631106"
"P0126","Zach Edey","1641744","79","https://cdn.nba.com/headshots/nba/latest/1040x760/1641744.png","https://www.nba.com/player/1641744"
"P0127","VJ Edgecombe","1642845","","https://cdn.nba.com/headshots/nba/latest/1040x760/1642845.png","https://www.nba.com/player/1642845"
"P0128","Anthony Edwards","1630162","95","https://cdn.nba.com/headshots/nba/latest/1040x760/1630162.png","https://www.nba.com/player/1630162"
"P0129","Justin Edwards","1642348","","https://cdn.nba.com/headshots/nba/latest/1040x760/1642348.png","https://www.nba.com/player/1642348"
"P0130","Keon Ellis","1631165","76","https://cdn.nba.com/headshots/nba/latest/1040x760/1631165.png","https://www.nba.com/player/1631165"
"P0131","Joel Embiid","203954","","https://cdn.nba.com/headshots/nba/latest/1040x760/203954.png","https://www.nba.com/player/203954"
"P0132","Noa Essengue","1642855","72","https://cdn.nba.com/headshots/nba/latest/1040x760/1642855.png","https://www.nba.com/player/1642855"
"P0133","Tyson Etienne","1630623","70","https://cdn.nba.com/headshots/nba/latest/1040x760/1630623.png","https://www.nba.com/player/1630623"
"P0134","Drew Eubanks","1629234","74","https://cdn.nba.com/headshots/nba/latest/1040x760/1629234.png","https://www.nba.com/player/1629234"
"P0135","Tosan Evbuomwan","1641787","71","https://cdn.nba.com/headshots/nba/latest/1040x760/1641787.png","https://www.nba.com/player/1641787"
"P0136","Danté Exum","203957","75","https://cdn.nba.com/headshots/nba/latest/1040x760/203957.png","https://www.nba.com/player/203957"
"P0137","Jeremiah Fears","1642847","","https://cdn.nba.com/headshots/nba/latest/1040x760/1642847.png","https://www.nba.com/player/1642847"
"P0138","Kyle Filipowski","1642271","78","https://cdn.nba.com/headshots/nba/latest/1040x760/1642271.png","https://www.nba.com/player/1642271"
"P0139","Dorian Finney-Smith","1627827","76","https://cdn.nba.com/headshots/nba/latest/1040x760/1627827.png","https://www.nba.com/player/1627827"
"P0140","Cooper Flagg","1642843","82","https://cdn.nba.com/headshots/nba/latest/1040x760/1642843.png","https://www.nba.com/player/1642843"
"P0141","Rasheer Fleming","1642853","","https://cdn.nba.com/headshots/nba/latest/1040x760/1642853.png","https://www.nba.com/player/1642853"
"P0142","Trentyn Flowers","1642280","69","https://cdn.nba.com/headshots/nba/latest/1040x760/1642280.png","https://www.nba.com/player/1642280"
"P0143","Simone Fontecchio","1631323","72","https://cdn.nba.com/headshots/nba/latest/1040x760/1631323.png","https://www.nba.com/player/1631323"
"P0144","De'Aaron Fox","1628368","85","https://cdn.nba.com/headshots/nba/latest/1040x760/1628368.png","https://www.nba.com/player/1628368"
"P0145","Enrique Freeman","1642402","69","https://cdn.nba.com/headshots/nba/latest/1040x760/1642402.png","https://www.nba.com/player/1642402"
"P0146","Johnny Furphy","1642277","","https://cdn.nba.com/headshots/nba/latest/1040x760/1642277.png","https://www.nba.com/player/1642277"
"P0147","Daniel Gafford","1629655","","https://cdn.nba.com/headshots/nba/latest/1040x760/1629655.png","https://www.nba.com/player/1629655"
"P0148","Myron Gardner","1642066","68","https://cdn.nba.com/headshots/nba/latest/1040x760/1642066.png","https://www.nba.com/player/1642066"
"P0149","Darius Garland","1629636","87","https://cdn.nba.com/headshots/nba/latest/1040x760/1629636.png","https://www.nba.com/player/1629636"
"P0150","Luka Garza","1630568","73","https://cdn.nba.com/headshots/nba/latest/1040x760/1630568.png","https://www.nba.com/player/1630568"
"P0151","Keyonte George","1641718","78","https://cdn.nba.com/headshots/nba/latest/1040x760/1641718.png","https://www.nba.com/player/1641718"
"P0152","Kyshawn George","1642273","70","https://cdn.nba.com/headshots/nba/latest/1040x760/1642273.png","https://www.nba.com/player/1642273"
"P0153","Paul George","202331","","https://cdn.nba.com/headshots/nba/latest/1040x760/202331.png","https://www.nba.com/player/202331"
"P0154","Josh Giddey","1630581","82","https://cdn.nba.com/headshots/nba/latest/1040x760/1630581.png","https://www.nba.com/player/1630581"
"P0155","Shai Gilgeous-Alexander","1628983","98","https://cdn.nba.com/headshots/nba/latest/1040x760/1628983.png","https://www.nba.com/player/1628983"
"P0156","Anthony Gill","1630264","72","https://cdn.nba.com/headshots/nba/latest/1040x760/1630264.png","https://www.nba.com/player/1630264"
"P0157","Collin Gillespie","1631221","69","https://cdn.nba.com/headshots/nba/latest/1040x760/1631221.png","https://www.nba.com/player/1631221"
"P0158","Rudy Gobert","203497","84","https://cdn.nba.com/headshots/nba/latest/1040x760/203497.png","https://www.nba.com/player/203497"
"P0159","Vladislav Goldin","1642884","68","https://cdn.nba.com/headshots/nba/latest/1040x760/1642884.png","https://www.nba.com/player/1642884"
"P0160","Hugo González","1642864","70","https://cdn.nba.com/headshots/nba/latest/1040x760/1642864.png","https://www.nba.com/player/1642864"
"P0161","Jordan Goodwin","1630692","74","https://cdn.nba.com/headshots/nba/latest/1040x760/1630692.png","https://www.nba.com/player/1630692"
"P0162","Aaron Gordon","203932","82","https://cdn.nba.com/headshots/nba/latest/1040x760/203932.png","https://www.nba.com/player/203932"
"P0163","Eric Gordon","201569","","https://cdn.nba.com/headshots/nba/latest/1040x760/201569.png","https://www.nba.com/player/201569"
"P0164","Jerami Grant","203924","","https://cdn.nba.com/headshots/nba/latest/1040x760/203924.png","https://www.nba.com/player/203924"
"P0165","AJ Green","1631260","76","https://cdn.nba.com/headshots/nba/latest/1040x760/1631260.png","https://www.nba.com/player/1631260"
"P0166","Draymond Green","203110","81","https://cdn.nba.com/headshots/nba/latest/1040x760/203110.png","https://www.nba.com/player/203110"
"P0167","Jalen Green","1630224","82","https://cdn.nba.com/headshots/nba/latest/1040x760/1630224.png","https://www.nba.com/player/1630224"
"P0168","Javonte Green","1629750","","https://cdn.nba.com/headshots/nba/latest/1040x760/1629750.png","https://www.nba.com/player/1629750"
"P0169","Jeff Green","201145","73","https://cdn.nba.com/headshots/nba/latest/1040x760/201145.png","https://www.nba.com/player/201145"
"P0170","Josh Green","1630182","73","https://cdn.nba.com/headshots/nba/latest/1040x760/1630182.png","https://www.nba.com/player/1630182"
"P0171","Quentin Grimes","1629656","","https://cdn.nba.com/headshots/nba/latest/1040x760/1629656.png","https://www.nba.com/player/1629656"
"P0172","Mouhamed Gueye","1631243","74","https://cdn.nba.com/headshots/nba/latest/1040x760/1631243.png","https://www.nba.com/player/1631243"
"P0173","Rui Hachimura","1629060","79","https://cdn.nba.com/headshots/nba/latest/1040x760/1629060.png","https://www.nba.com/player/1629060"
"P0174","Tyrese Haliburton","1630169","","https://cdn.nba.com/headshots/nba/latest/1040x760/1630169.png","https://www.nba.com/player/1630169"
"P0175","PJ Hall","1641790","68","https://cdn.nba.com/headshots/nba/latest/1040x760/1641790.png","https://www.nba.com/player/1641790"
"P0176","Tim Hardaway Jr.","203501","79","https://cdn.nba.com/headshots/nba/latest/1040x760/203501.png","https://www.nba.com/player/203501"
"P0177","James Harden","201935","89","https://cdn.nba.com/headshots/nba/latest/1040x760/201935.png","https://www.nba.com/player/201935"
"P0178","Jaden Hardy","1630702","73","https://cdn.nba.com/headshots/nba/latest/1040x760/1630702.png","https://www.nba.com/player/1630702"
"P0179","Elijah Harkless","1641989","","https://cdn.nba.com/headshots/nba/latest/1040x760/1641989.png","https://www.nba.com/player/1641989"
"P0180","Dylan Harper","1642844","78","https://cdn.nba.com/headshots/nba/latest/1040x760/1642844.png","https://www.nba.com/player/1642844"
"P0181","Ron Harper Jr.","1631199","68","https://cdn.nba.com/headshots/nba/latest/1040x760/1631199.png","https://www.nba.com/player/1631199"
"P0182","Gary Harris","203914","","https://cdn.nba.com/headshots/nba/latest/1040x760/203914.png","https://www.nba.com/player/203914"
"P0183","Kevon Harris","1630284","69","https://cdn.nba.com/headshots/nba/latest/1040x760/1630284.png","https://www.nba.com/player/1630284"
"P0184","Tobias Harris","202699","","https://cdn.nba.com/headshots/nba/latest/1040x760/202699.png","https://www.nba.com/player/202699"
"P0185","Josh Hart","1628404","81","https://cdn.nba.com/headshots/nba/latest/1040x760/1628404.png","https://www.nba.com/player/1628404"
"P0186","Isaiah Hartenstein","1628392","82","https://cdn.nba.com/headshots/nba/latest/1040x760/1628392.png","https://www.nba.com/player/1628392"
"P0187","Sam Hauser","1630573","76","https://cdn.nba.com/headshots/nba/latest/1040x760/1630573.png","https://www.nba.com/player/1630573"
"P0188","Jordan Hawkins","1641722","71","https://cdn.nba.com/headshots/nba/latest/1040x760/1641722.png","https://www.nba.com/player/1641722"
"P0189","Jaxson Hayes","1629637","73","https://cdn.nba.com/headshots/nba/latest/1040x760/1629637.png","https://www.nba.com/player/1629637"
"P0190","Nigel Hayes-Davis","1628502","","https://cdn.nba.com/headshots/nba/latest/1040x760/1628502.png","https://www.nba.com/player/1628502"
"P0191","Scoot Henderson","1630703","","https://cdn.nba.com/headshots/nba/latest/1040x760/1630703.png","https://www.nba.com/player/1630703"
"P0192","Taylor Hendricks","1641707","73","https://cdn.nba.com/headshots/nba/latest/1040x760/1641707.png","https://www.nba.com/player/1641707"
"P0193","Chucky Hepburn","1642935","68","https://cdn.nba.com/headshots/nba/latest/1040x760/1642935.png","https://www.nba.com/player/1642935"
"P0194","Tyler Herro","1629639","86","https://cdn.nba.com/headshots/nba/latest/1040x760/1629639.png","https://www.nba.com/player/1629639"
"P0195","Buddy Hield","1627741","77","https://cdn.nba.com/headshots/nba/latest/1040x760/1627741.png","https://www.nba.com/player/1627741"
"P0196","Haywood Highsmith","1629312","73","https://cdn.nba.com/headshots/nba/latest/1040x760/1629312.png","https://www.nba.com/player/1629312"
"P0197","Aaron Holiday","1628988","72","https://cdn.nba.com/headshots/nba/latest/1040x760/1628988.png","https://www.nba.com/player/1628988"
"P0198","Jrue Holiday","201950","","https://cdn.nba.com/headshots/nba/latest/1040x760/201950.png","https://www.nba.com/player/201950"
"P0199","Ronald Holland II","1641842","","https://cdn.nba.com/headshots/nba/latest/1040x760/1641842.png","https://www.nba.com/player/1641842"
"P0200","DaRon Holmes II","1641747","71","https://cdn.nba.com/headshots/nba/latest/1040x760/1641747.png","https://www.nba.com/player/1641747"
"P0201","Chet Holmgren","1631096","88","https://cdn.nba.com/headshots/nba/latest/1040x760/1631096.png","https://www.nba.com/player/1631096"
"P0202","Al Horford","201143","","https://cdn.nba.com/headshots/nba/latest/1040x760/201143.png","https://www.nba.com/player/201143"
"P0203","Caleb Houstan","1631216","73","https://cdn.nba.com/headshots/nba/latest/1040x760/1631216.png","https://www.nba.com/player/1631216"
"P0204","Jett Howard","1641724","74","https://cdn.nba.com/headshots/nba/latest/1040x760/1641724.png","https://www.nba.com/player/1641724"
"P0205","Kevin Huerter","1628989","76","https://cdn.nba.com/headshots/nba/latest/1040x760/1628989.png","https://www.nba.com/player/1628989"
"P0206","Jay Huff","1630643","","https://cdn.nba.com/headshots/nba/latest/1040x760/1630643.png","https://www.nba.com/player/1630643"
"P0207","Ariel Hukporti","1630574","70","https://cdn.nba.com/headshots/nba/latest/1040x760/1630574.png","https://www.nba.com/player/1630574"
"P0208","De'Andre Hunter","1629631","80","https://cdn.nba.com/headshots/nba/latest/1040x760/1629631.png","https://www.nba.com/player/1629631"
"P0209","CJ Huntley","1643047","","https://cdn.nba.com/headshots/nba/latest/1040x760/1643047.png","https://www.nba.com/player/1643047"
"P0210","Bones Hyland","1630538","","https://cdn.nba.com/headshots/nba/latest/1040x760/1630538.png","https://www.nba.com/player/1630538"
"P0211","Oso Ighodaro","1642345","68","https://cdn.nba.com/headshots/nba/latest/1040x760/1642345.png","https://www.nba.com/player/1642345"
"P0212","Joe Ingles","204060","73","https://cdn.nba.com/headshots/nba/latest/1040x760/204060.png","https://www.nba.com/player/204060"
"P0213","Brandon Ingram","1627742","84","https://cdn.nba.com/headshots/nba/latest/1040x760/1627742.png","https://www.nba.com/player/1627742"
"P0214","Harrison Ingram","1631127","","https://cdn.nba.com/headshots/nba/latest/1040x760/1631127.png","https://www.nba.com/player/1631127"
"P0215","Kyrie Irving","202681","90","https://cdn.nba.com/headshots/nba/latest/1040x760/202681.png","https://www.nba.com/player/202681"
"P0216","Jonathan Isaac","1628371","73","https://cdn.nba.com/headshots/nba/latest/1040x760/1628371.png","https://www.nba.com/player/1628371"
"P0217","Jaden Ivey","1631093","","https://cdn.nba.com/headshots/nba/latest/1040x760/1631093.png","https://www.nba.com/player/1631093"
"P0218","GG Jackson","1641713","74","https://cdn.nba.com/headshots/nba/latest/1040x760/1641713.png","https://www.nba.com/player/1641713"
"P0219","Isaiah Jackson","1630543","","https://cdn.nba.com/headshots/nba/latest/1040x760/1630543.png","https://www.nba.com/player/1630543"
"P0220","Quenton Jackson","1631245","","https://cdn.nba.com/headshots/nba/latest/1040x760/1631245.png","https://www.nba.com/player/1631245"
"P0221","Andre Jackson Jr.","1641748","75","https://cdn.nba.com/headshots/nba/latest/1040x760/1641748.png","https://www.nba.com/player/1641748"
"P0222","Jaren Jackson Jr.","1628991","89","https://cdn.nba.com/headshots/nba/latest/1040x760/1628991.png","https://www.nba.com/player/1628991"
"P0223","Trayce Jackson-Davis","1631218","74","https://cdn.nba.com/headshots/nba/latest/1040x760/1631218.png","https://www.nba.com/player/1631218"
"P0224","Kasparas Jakučionis","1642857","71","https://cdn.nba.com/headshots/nba/latest/1040x760/1642857.png","https://www.nba.com/player/1642857"
"P0225","Bronny James","1642355","68","https://cdn.nba.com/headshots/nba/latest/1040x760/1642355.png","https://www.nba.com/player/1642355"
"P0226","LeBron James","2544","95","https://cdn.nba.com/headshots/nba/latest/1040x760/2544.png","https://www.nba.com/player/2544"
"P0227","Sion James","1642883","70","https://cdn.nba.com/headshots/nba/latest/1040x760/1642883.png","https://www.nba.com/player/1642883"
"P0228","Jaime Jaquez Jr.","1631170","76","https://cdn.nba.com/headshots/nba/latest/1040x760/1631170.png","https://www.nba.com/player/1631170"
"P0229","Trey Jemison III","1641998","71","https://cdn.nba.com/headshots/nba/latest/1040x760/1641998.png","https://www.nba.com/player/1641998"
"P0230","Daniss Jenkins","1642450","","https://cdn.nba.com/headshots/nba/latest/1040x760/1642450.png","https://www.nba.com/player/1642450"
"P0231","Ty Jerome","1629660","79","https://cdn.nba.com/headshots/nba/latest/1040x760/1629660.png","https://www.nba.com/player/1629660"
"P0232","Isaiah Joe","1630198","78","https://cdn.nba.com/headshots/nba/latest/1040x760/1630198.png","https://www.nba.com/player/1630198"
"P0233","AJ Johnson","1642358","69","https://cdn.nba.com/headshots/nba/latest/1040x760/1642358.png","https://www.nba.com/player/1642358"
"P0234","Cameron Johnson","1629661","83","https://cdn.nba.com/headshots/nba/latest/1040x760/1629661.png","https://www.nba.com/player/1629661"
"P0235","Jalen Johnson","1630552","85","https://cdn.nba.com/headshots/nba/latest/1040x760/1630552.png","https://www.nba.com/player/1630552"
"P0236","Keldon Johnson","1629640","78","https://cdn.nba.com/headshots/nba/latest/1040x760/1629640.png","https://www.nba.com/player/1629640"
"P0237","Keshad Johnson","1642352","69","https://cdn.nba.com/headshots/nba/latest/1040x760/1642352.png","https://www.nba.com/player/1642352"
"P0238","Tre Johnson","1642848","","https://cdn.nba.com/headshots/nba/latest/1040x760/1642848.png","https://www.nba.com/player/1642848"
"P0239","Nikola Jokić","203999","98","https://cdn.nba.com/headshots/nba/latest/1040x760/203999.png","https://www.nba.com/player/203999"
"P0240","Colby Jones","1641732","","https://cdn.nba.com/headshots/nba/latest/1040x760/1641732.png","https://www.nba.com/player/1641732"
"P0241","Curtis Jones","1642938","68","https://cdn.nba.com/headshots/nba/latest/1040x760/1642938.png","https://www.nba.com/player/1642938"
"P0242","Herbert Jones","1630529","","https://cdn.nba.com/headshots/nba/latest/1040x760/1630529.png","https://www.nba.com/player/1630529"
"P0243","Isaac Jones","1642403","71","https://cdn.nba.com/headshots/nba/latest/1040x760/1642403.png","https://www.nba.com/player/1642403"
"P0244","Kam Jones","1642880","","https://cdn.nba.com/headshots/nba/latest/1040x760/1642880.png","https://www.nba.com/player/1642880"
"P0245","Spencer Jones","1642461","","https://cdn.nba.com/headshots/nba/latest/1040x760/1642461.png","https://www.nba.com/player/1642461"
"P0246","Tre Jones","1630200","76","https://cdn.nba.com/headshots/nba/latest/1040x760/1630200.png","https://www.nba.com/player/1630200"
"P0247","Tyus Jones","1626145","78","https://cdn.nba.com/headshots/nba/latest/1040x760/1626145.png","https://www.nba.com/player/1626145"
"P0248","David Jones Garcia","1642357","","https://cdn.nba.com/headshots/nba/latest/1040x760/1642357.png","https://www.nba.com/player/1642357"
"P0249","Derrick Jones Jr.","1627884","76","https://cdn.nba.com/headshots/nba/latest/1040x760/1627884.png","https://www.nba.com/player/1627884"
"P0250","DeAndre Jordan","201599","","https://cdn.nba.com/headshots/nba/latest/1040x760/201599.png","https://www.nba.com/player/201599"
"P0251","Nikola Jović","1631107","75","https://cdn.nba.com/headshots/nba/latest/1040x760/1631107.png","https://www.nba.com/player/1631107"
"P0252","Johnny Juzang","1630548","72","https://cdn.nba.com/headshots/nba/latest/1040x760/1630548.png","https://www.nba.com/player/1630548"
"P0253","Ryan Kalkbrenner","1641750","70","https://cdn.nba.com/headshots/nba/latest/1040x760/1641750.png","https://www.nba.com/player/1641750"
"P0254","Miles Kelly","1642939","68","https://cdn.nba.com/headshots/nba/latest/1040x760/1642939.png","https://www.nba.com/player/1642939"
"P0255","Luke Kennard","1628379","75","https://cdn.nba.com/headshots/nba/latest/1040x760/1628379.png","https://www.nba.com/player/1628379"
"P0256","Walker Kessler","1631117","82","https://cdn.nba.com/headshots/nba/latest/1040x760/1631117.png","https://www.nba.com/player/1631117"
"P0257","Corey Kispert","1630557","78","https://cdn.nba.com/headshots/nba/latest/1040x760/1630557.png","https://www.nba.com/player/1630557"
"P0258","Maxi Kleber","1628467","74","https://cdn.nba.com/headshots/nba/latest/1040x760/1628467.png","https://www.nba.com/player/1628467"
"P0259","Bobi Klintman","1641752","","https://cdn.nba.com/headshots/nba/latest/1040x760/1641752.png","https://www.nba.com/player/1641752"
"P0260","Dalton Knecht","1642261","71","https://cdn.nba.com/headshots/nba/latest/1040x760/1642261.png","https://www.nba.com/player/1642261"
"P0261","Kon Knueppel","1642851","75","https://cdn.nba.com/headshots/nba/latest/1040x760/1642851.png","https://www.nba.com/player/1642851"
"P0262","Tyler Kolek","1642278","71","https://cdn.nba.com/headshots/nba/latest/1040x760/1642278.png","https://www.nba.com/player/1642278"
"P0263","Christian Koloko","1631132","72","https://cdn.nba.com/headshots/nba/latest/1040x760/1631132.png","https://www.nba.com/player/1631132"
"P0264","John Konchar","1629723","73","https://cdn.nba.com/headshots/nba/latest/1040x760/1629723.png","https://www.nba.com/player/1629723"
"P0265","Luke Kornet","1628436","","https://cdn.nba.com/headshots/nba/latest/1040x760/1628436.png","https://www.nba.com/player/1628436"
"P0266","Vít Krejčí","1630249","73","https://cdn.nba.com/headshots/nba/latest/1040x760/1630249.png","https://www.nba.com/player/1630249"
"P0267","Jonathan Kuminga","1630228","78","https://cdn.nba.com/headshots/nba/latest/1040x760/1630228.png","https://www.nba.com/player/1630228"
"P0268","Kyle Kuzma","1628398","77","https://cdn.nba.com/headshots/nba/latest/1040x760/1628398.png","https://www.nba.com/player/1628398"
"P0269","Jock Landale","1629111","74","https://cdn.nba.com/headshots/nba/latest/1040x760/1629111.png","https://www.nba.com/player/1629111"
"P0270","Chaz Lanier","1642404","","https://cdn.nba.com/headshots/nba/latest/1040x760/1642404.png","https://www.nba.com/player/1642404"
"P0271","Jake LaRavia","1631222","","https://cdn.nba.com/headshots/nba/latest/1040x760/1631222.png","https://www.nba.com/player/1631222"
"P0272","Pelle Larsson","1641796","74","https://cdn.nba.com/headshots/nba/latest/1040x760/1641796.png","https://www.nba.com/player/1641796"
"P0273","Zach LaVine","203897","85","https://cdn.nba.com/headshots/nba/latest/1040x760/203897.png","https://www.nba.com/player/203897"
"P0274","A.J. Lawson","1630639","73","https://cdn.nba.com/headshots/nba/latest/1040x760/1630639.png","https://www.nba.com/player/1630639"
"P0275","Kawhi Leonard","202695","92","https://cdn.nba.com/headshots/nba/latest/1040x760/202695.png","https://www.nba.com/player/202695"
"P0276","Caris LeVert","1627747","","https://cdn.nba.com/headshots/nba/latest/1040x760/1627747.png","https://www.nba.com/player/1627747"
"P0277","E.J. Liddell","1630604","73","https://cdn.nba.com/headshots/nba/latest/1040x760/1630604.png","https://www.nba.com/player/1630604"
"P0278","Damian Lillard","203081","","https://cdn.nba.com/headshots/nba/latest/1040x760/203081.png","https://www.nba.com/player/203081"
"P0279","Dereck Lively II","1641726","80","https://cdn.nba.com/headshots/nba/latest/1040x760/1641726.png","https://www.nba.com/player/1641726"
"P0280","Isaiah Livers","1630587","","https://cdn.nba.com/headshots/nba/latest/1040x760/1630587.png","https://www.nba.com/player/1630587"
"P0281","Chris Livingston","1641753","73","https://cdn.nba.com/headshots/nba/latest/1040x760/1641753.png","https://www.nba.com/player/1641753"
"P0282","Kevon Looney","1626172","","https://cdn.nba.com/headshots/nba/latest/1040x760/1626172.png","https://www.nba.com/player/1626172"
"P0283","Brook Lopez","201572","80","https://cdn.nba.com/headshots/nba/latest/1040x760/201572.png","https://www.nba.com/player/201572"
"P0284","Caleb Love","1631126","","https://cdn.nba.com/headshots/nba/latest/1040x760/1631126.png","https://www.nba.com/player/1631126"
"P0285","Kevin Love","201567","73","https://cdn.nba.com/headshots/nba/latest/1040x760/201567.png","https://www.nba.com/player/201567"
"P0286","Kyle Lowry","200768","","https://cdn.nba.com/headshots/nba/latest/1040x760/200768.png","https://www.nba.com/player/200768"
"P0287","Khaman Maluach","1642863","","https://cdn.nba.com/headshots/nba/latest/1040x760/1642863.png","https://www.nba.com/player/1642863"
"P0288","Sandro Mamukelashvili","1630572","75","https://cdn.nba.com/headshots/nba/latest/1040x760/1630572.png","https://www.nba.com/player/1630572"
"P0289","Terance Mann","1629611","","https://cdn.nba.com/headshots/nba/latest/1040x760/1629611.png","https://www.nba.com/player/1629611"
"P0290","Tre Mann","1630544","75","https://cdn.nba.com/headshots/nba/latest/1040x760/1630544.png","https://www.nba.com/player/1630544"
"P0291","Chris Mañon","1643024","","https://cdn.nba.com/headshots/nba/latest/1040x760/1643024.png","https://www.nba.com/player/1643024"
"P0292","Lauri Markkanen","1628374","84","https://cdn.nba.com/headshots/nba/latest/1040x760/1628374.png","https://www.nba.com/player/1628374"
"P0293","Naji Marshall","1630230","75","https://cdn.nba.com/headshots/nba/latest/1040x760/1630230.png","https://www.nba.com/player/1630230"
"P0294","Alijah Martin","1642918","69","https://cdn.nba.com/headshots/nba/latest/1040x760/1642918.png","https://www.nba.com/player/1642918"
"P0295","Caleb Martin","1628997","74","https://cdn.nba.com/headshots/nba/latest/1040x760/1628997.png","https://www.nba.com/player/1628997"
"P0296","Cody Martin","1628998","75","https://cdn.nba.com/headshots/nba/latest/1040x760/1628998.png","https://www.nba.com/player/1628998"
"P0297","Tyrese Martin","1631213","73","https://cdn.nba.com/headshots/nba/latest/1040x760/1631213.png","https://www.nba.com/player/1631213"
"P0298","Bennedict Mathurin","1631097","","https://cdn.nba.com/headshots/nba/latest/1040x760/1631097.png","https://www.nba.com/player/1631097"
"P0299","Karlo Matković","1631255","","https://cdn.nba.com/headshots/nba/latest/1040x760/1631255.png","https://www.nba.com/player/1631255"
"P0300","Tyrese Maxey","1630178","","https://cdn.nba.com/headshots/nba/latest/1040x760/1630178.png","https://www.nba.com/player/1630178"
"P0301","Miles McBride","1630540","76","https://cdn.nba.com/headshots/nba/latest/1040x760/1630540.png","https://www.nba.com/player/1630540"
"P0302","Jared McCain","1642272","","https://cdn.nba.com/headshots/nba/latest/1040x760/1642272.png","https://www.nba.com/player/1642272"
"P0303","Mac McClung","1630644","","https://cdn.nba.com/headshots/nba/latest/1040x760/1630644.png","https://www.nba.com/player/1630644"
"P0304","CJ McCollum","203468","78","https://cdn.nba.com/headshots/nba/latest/1040x760/203468.png","https://www.nba.com/player/203468"
"P0305","T.J. McConnell","204456","","https://cdn.nba.com/headshots/nba/latest/1040x760/204456.png","https://www.nba.com/player/204456"
"P0306","Kevin McCullar Jr.","1641755","69","https://cdn.nba.com/headshots/nba/latest/1040x760/1641755.png","https://www.nba.com/player/1641755"
"P0307","Jaden McDaniels","1630183","82","https://cdn.nba.com/headshots/nba/latest/1040x760/1630183.png","https://www.nba.com/player/1630183"
"P0308","Doug McDermott","203926","71","https://cdn.nba.com/headshots/nba/latest/1040x760/203926.png","https://www.nba.com/player/203926"
"P0309","Bryce McGowens","1631121","","https://cdn.nba.com/headshots/nba/latest/1040x760/1631121.png","https://www.nba.com/player/1631121"
"P0310","Jordan McLaughlin","1629162","72","https://cdn.nba.com/headshots/nba/latest/1040x760/1629162.png","https://www.nba.com/player/1629162"
"P0311","Liam McNeeley","1642862","70","https://cdn.nba.com/headshots/nba/latest/1040x760/1642862.png","https://www.nba.com/player/1642862"
"P0312","De'Anthony Melton","1629001","","https://cdn.nba.com/headshots/nba/latest/1040x760/1629001.png","https://www.nba.com/player/1629001"
"P0313","Sam Merrill","1630241","74","https://cdn.nba.com/headshots/nba/latest/1040x760/1630241.png","https://www.nba.com/player/1630241"
"P0314","Khris Middleton","203114","","https://cdn.nba.com/headshots/nba/latest/1040x760/203114.png","https://www.nba.com/player/203114"
"P0315","Brandon Miller","1641706","82","https://cdn.nba.com/headshots/nba/latest/1040x760/1641706.png","https://www.nba.com/player/1641706"
"P0316","Emanuel Miller","1641801","68","https://cdn.nba.com/headshots/nba/latest/1040x760/1641801.png","https://www.nba.com/player/1641801"
"P0317","Jordan Miller","1641757","71","https://cdn.nba.com/headshots/nba/latest/1040x760/1641757.png","https://www.nba.com/player/1641757"
"P0318","Leonard Miller","1631159","70","https://cdn.nba.com/headshots/nba/latest/1040x760/1631159.png","https://www.nba.com/player/1631159"
"P0319","Riley Minix","1642434","","https://cdn.nba.com/headshots/nba/latest/1040x760/1642434.png","https://www.nba.com/player/1642434"
"P0320","Josh Minott","1631169","76","https://cdn.nba.com/headshots/nba/latest/1040x760/1631169.png","https://www.nba.com/player/1631169"
"P0321","Yves Missi","1642274","79","https://cdn.nba.com/headshots/nba/latest/1040x760/1642274.png","https://www.nba.com/player/1642274"
"P0322","Ajay Mitchell","1642349","73","https://cdn.nba.com/headshots/nba/latest/1040x760/1642349.png","https://www.nba.com/player/1642349"
"P0323","Davion Mitchell","1630558","77","https://cdn.nba.com/headshots/nba/latest/1040x760/1630558.png","https://www.nba.com/player/1630558"
"P0324","Donovan Mitchell","1628378","93","https://cdn.nba.com/headshots/nba/latest/1040x760/1628378.png","https://www.nba.com/player/1628378"
"P0325","Evan Mobley","1630596","89","https://cdn.nba.com/headshots/nba/latest/1040x760/1630596.png","https://www.nba.com/player/1630596"
"P0326","Jonathan Mogbo","1642367","74","https://cdn.nba.com/headshots/nba/latest/1040x760/1642367.png","https://www.nba.com/player/1642367"
"P0327","Malik Monk","1628370","80","https://cdn.nba.com/headshots/nba/latest/1040x760/1628370.png","https://www.nba.com/player/1628370"
"P0328","Moses Moody","1630541","77","https://cdn.nba.com/headshots/nba/latest/1040x760/1630541.png","https://www.nba.com/player/1630541"
"P0329","Ja Morant","1629630","91","https://cdn.nba.com/headshots/nba/latest/1040x760/1629630.png","https://www.nba.com/player/1629630"
"P0330","Monté Morris","1628420","73","https://cdn.nba.com/headshots/nba/latest/1040x760/1628420.png","https://www.nba.com/player/1628420"
"P0331","Trey Murphy III","1630530","","https://cdn.nba.com/headshots/nba/latest/1040x760/1630530.png","https://www.nba.com/player/1630530"
"P0332","Dejounte Murray","1627749","81","https://cdn.nba.com/headshots/nba/latest/1040x760/1627749.png","https://www.nba.com/player/1627749"
"P0333","Jamal Murray","1627750","86","https://cdn.nba.com/headshots/nba/latest/1040x760/1627750.png","https://www.nba.com/player/1627750"
"P0334","Keegan Murray","1631099","80","https://cdn.nba.com/headshots/nba/latest/1040x760/1631099.png","https://www.nba.com/player/1631099"
"P0335","Kris Murray","1631200","","https://cdn.nba.com/headshots/nba/latest/1040x760/1631200.png","https://www.nba.com/player/1631200"
"P0336","Collin Murray-Boyles","1642867","72","https://cdn.nba.com/headshots/nba/latest/1040x760/1642867.png","https://www.nba.com/player/1642867"
"P0337","Svi Mykhailiuk","1629004","72","https://cdn.nba.com/headshots/nba/latest/1040x760/1629004.png","https://www.nba.com/player/1629004"
"P0338","Pete Nance","1631250","","https://cdn.nba.com/headshots/nba/latest/1040x760/1631250.png","https://www.nba.com/player/1631250"
"P0339","Larry Nance Jr.","1626204","78","https://cdn.nba.com/headshots/nba/latest/1040x760/1626204.png","https://www.nba.com/player/1626204"
"P0340","Eli John Ndiaye","1642947","","https://cdn.nba.com/headshots/nba/latest/1040x760/1642947.png","https://www.nba.com/player/1642947"
"P0341","Andrew Nembhard","1629614","","https://cdn.nba.com/headshots/nba/latest/1040x760/1629614.png","https://www.nba.com/player/1629614"
"P0342","Ryan Nembhard","1642948","68","https://cdn.nba.com/headshots/nba/latest/1040x760/1642948.png","https://www.nba.com/player/1642948"
"P0343","Aaron Nesmith","1630174","","https://cdn.nba.com/headshots/nba/latest/1040x760/1630174.png","https://www.nba.com/player/1630174"
"P0344","Asa Newell","1642854","73","https://cdn.nba.com/headshots/nba/latest/1040x760/1642854.png","https://www.nba.com/player/1642854"
"P0345","Georges Niang","1627777","74","https://cdn.nba.com/headshots/nba/latest/1040x760/1627777.png","https://www.nba.com/player/1627777"
"P0346","Yanic Konan Niederhäuser","1642949","69","https://cdn.nba.com/headshots/nba/latest/1040x760/1642949.png","https://www.nba.com/player/1642949"
"P0347","Zeke Nnaji","1630192","72","https://cdn.nba.com/headshots/nba/latest/1040x760/1630192.png","https://www.nba.com/player/1630192"
"P0348","Jusuf Nurkić","203994","77","https://cdn.nba.com/headshots/nba/latest/1040x760/203994.png","https://www.nba.com/player/203994"
"P0349","Josh Okogie","1629006","74","https://cdn.nba.com/headshots/nba/latest/1040x760/1629006.png","https://www.nba.com/player/1629006"
"P0350","Onyeka Okongwu","1630168","81","https://cdn.nba.com/headshots/nba/latest/1040x760/1630168.png","https://www.nba.com/player/1630168"
"P0351","Isaac Okoro","1630171","74","https://cdn.nba.com/headshots/nba/latest/1040x760/1630171.png","https://www.nba.com/player/1630171"
"P0352","Lachlan Olbrich","1642950","68","https://cdn.nba.com/headshots/nba/latest/1040x760/1642950.png","https://www.nba.com/player/1642950"
"P0353","Kelly Olynyk","203482","","https://cdn.nba.com/headshots/nba/latest/1040x760/203482.png","https://www.nba.com/player/203482"
"P0354","Royce O'Neale","1626220","75","https://cdn.nba.com/headshots/nba/latest/1040x760/1626220.png","https://www.nba.com/player/1626220"
"P0355","Kelly Oubre Jr.","1626162","","https://cdn.nba.com/headshots/nba/latest/1040x760/1626162.png","https://www.nba.com/player/1626162"
"P0356","Chris Paul","101108","78","https://cdn.nba.com/headshots/nba/latest/1040x760/101108.png","https://www.nba.com/player/101108"
"P0357","Gary Payton II","1627780","","https://cdn.nba.com/headshots/nba/latest/1040x760/1627780.png","https://www.nba.com/player/1627780"
"P0358","Micah Peavy","1642877","","https://cdn.nba.com/headshots/nba/latest/1040x760/1642877.png","https://www.nba.com/player/1642877"
"P0359","Noah Penda","1642869","","https://cdn.nba.com/headshots/nba/latest/1040x760/1642869.png","https://www.nba.com/player/1642869"
"P0360","Taelon Peter","1643007","","https://cdn.nba.com/headshots/nba/latest/1040x760/1643007.png","https://www.nba.com/player/1643007"
"P0361","Drew Peterson","1641809","70","https://cdn.nba.com/headshots/nba/latest/1040x760/1641809.png","https://www.nba.com/player/1641809"
"P0362","Julian Phillips","1641763","72","https://cdn.nba.com/headshots/nba/latest/1040x760/1641763.png","https://www.nba.com/player/1641763"
"P0363","Jalen Pickett","1629618","71","https://cdn.nba.com/headshots/nba/latest/1040x760/1629618.png","https://www.nba.com/player/1629618"
"P0364","Scotty Pippen Jr.","1630590","76","https://cdn.nba.com/headshots/nba/latest/1040x760/1630590.png","https://www.nba.com/player/1630590"
"P0365","Daeqwon Plowden","1631342","68","https://cdn.nba.com/headshots/nba/latest/1040x760/1631342.png","https://www.nba.com/player/1631342"
"P0366","Mason Plumlee","203486","75","https://cdn.nba.com/headshots/nba/latest/1040x760/203486.png","https://www.nba.com/player/203486"
"P0367","Brandin Podziemski","1641764","79","https://cdn.nba.com/headshots/nba/latest/1040x760/1641764.png","https://www.nba.com/player/1641764"
"P0368","Jakob Poeltl","1627751","80","https://cdn.nba.com/headshots/nba/latest/1040x760/1627751.png","https://www.nba.com/player/1627751"
"P0369","Jordan Poole","1629673","80","https://cdn.nba.com/headshots/nba/latest/1040x760/1629673.png","https://www.nba.com/player/1629673"
"P0370","Craig Porter Jr.","1641854","72","https://cdn.nba.com/headshots/nba/latest/1040x760/1641854.png","https://www.nba.com/player/1641854"
"P0371","Kevin Porter Jr.","1629645","","https://cdn.nba.com/headshots/nba/latest/1040x760/1629645.png","https://www.nba.com/player/1629645"
"P0372","Michael Porter Jr.","1629008","82","https://cdn.nba.com/headshots/nba/latest/1040x760/1629008.png","https://www.nba.com/player/1629008"
"P0373","Bobby Portis","1626171","80","https://cdn.nba.com/headshots/nba/latest/1040x760/1626171.png","https://www.nba.com/player/1626171"
"P0374","Kristaps Porziņģis","204001","85","https://cdn.nba.com/headshots/nba/latest/1040x760/204001.png","https://www.nba.com/player/204001"
"P0375","Quinten Post","1642366","74","https://cdn.nba.com/headshots/nba/latest/1040x760/1642366.png","https://www.nba.com/player/1642366"
"P0376","Drake Powell","1642962","70","https://cdn.nba.com/headshots/nba/latest/1040x760/1642962.png","https://www.nba.com/player/1642962"
"P0377","Dwight Powell","203939","72","https://cdn.nba.com/headshots/nba/latest/1040x760/203939.png","https://www.nba.com/player/203939"
"P0378","Norman Powell","1626181","84","https://cdn.nba.com/headshots/nba/latest/1040x760/1626181.png","https://www.nba.com/player/1626181"
"P0379","Taurean Prince","1627752","76","https://cdn.nba.com/headshots/nba/latest/1040x760/1627752.png","https://www.nba.com/player/1627752"
"P0380","Payton Pritchard","1630202","80","https://cdn.nba.com/headshots/nba/latest/1040x760/1630202.png","https://www.nba.com/player/1630202"
"P0381","Tyrese Proctor","1642878","69","https://cdn.nba.com/headshots/nba/latest/1040x760/1642878.png","https://www.nba.com/player/1642878"
"P0382","Olivier-Maxence Prosper","1641765","","https://cdn.nba.com/headshots/nba/latest/1040x760/1641765.png","https://www.nba.com/player/1641765"
"P0383","Derik Queen","1642852","","https://cdn.nba.com/headshots/nba/latest/1040x760/1642852.png","https://www.nba.com/player/1642852"
"P0384","Neemias Queta","1629674","76","https://cdn.nba.com/headshots/nba/latest/1040x760/1629674.png","https://www.nba.com/player/1629674"
"P0385","Immanuel Quickley","1630193","81","https://cdn.nba.com/headshots/nba/latest/1040x760/1630193.png","https://www.nba.com/player/1630193"
"P0386","Julius Randle","203944","86","https://cdn.nba.com/headshots/nba/latest/1040x760/203944.png","https://www.nba.com/player/203944"
"P0387","Maxime Raynaud","1642875","70","https://cdn.nba.com/headshots/nba/latest/1040x760/1642875.png","https://www.nba.com/player/1642875"
"P0388","Duop Reath","1641871","","https://cdn.nba.com/headshots/nba/latest/1040x760/1641871.png","https://www.nba.com/player/1641871"
"P0389","Austin Reaves","1630559","81","https://cdn.nba.com/headshots/nba/latest/1040x760/1630559.png","https://www.nba.com/player/1630559"
"P0390","Paul Reed","1630194","","https://cdn.nba.com/headshots/nba/latest/1040x760/1630194.png","https://www.nba.com/player/1630194"
"P0391","Antonio Reeves","1641810","70","https://cdn.nba.com/headshots/nba/latest/1040x760/1641810.png","https://www.nba.com/player/1641810"
"P0392","Naz Reid","1629675","82","https://cdn.nba.com/headshots/nba/latest/1040x760/1629675.png","https://www.nba.com/player/1629675"
"P0393","Will Richard","1642954","68","https://cdn.nba.com/headshots/nba/latest/1040x760/1642954.png","https://www.nba.com/player/1642954"
"P0394","Nick Richards","1630208","77","https://cdn.nba.com/headshots/nba/latest/1040x760/1630208.png","https://www.nba.com/player/1630208"
"P0395","Jase Richardson","1642859","","https://cdn.nba.com/headshots/nba/latest/1040x760/1642859.png","https://www.nba.com/player/1642859"
"P0396","Will Riley","1642860","","https://cdn.nba.com/headshots/nba/latest/1040x760/1642860.png","https://www.nba.com/player/1642860"
"P0397","Zaccharie Risacher","1642258","78","https://cdn.nba.com/headshots/nba/latest/1040x760/1642258.png","https://www.nba.com/player/1642258"
"P0398","Duncan Robinson","1629130","","https://cdn.nba.com/headshots/nba/latest/1040x760/1629130.png","https://www.nba.com/player/1629130"
"P0399","Mitchell Robinson","1629011","78","https://cdn.nba.com/headshots/nba/latest/1040x760/1629011.png","https://www.nba.com/player/1629011"
"P0400","Orlando Robinson","1631115","72","https://cdn.nba.com/headshots/nba/latest/1040x760/1631115.png","https://www.nba.com/player/1631115"
"P0401","Jeremiah Robinson-Earl","1630526","73","https://cdn.nba.com/headshots/nba/latest/1040x760/1630526.png","https://www.nba.com/player/1630526"
"P0402","Ryan Rollins","1631157","79","https://cdn.nba.com/headshots/nba/latest/1040x760/1631157.png","https://www.nba.com/player/1631157"
"P0403","Jackson Rowe","1642050","68","https://cdn.nba.com/headshots/nba/latest/1040x760/1642050.png","https://www.nba.com/player/1642050"
"P0404","Terry Rozier","1626179","74","https://cdn.nba.com/headshots/nba/latest/1040x760/1626179.png","https://www.nba.com/player/1626179"
"P0405","Rayan Rupert","1641712","","https://cdn.nba.com/headshots/nba/latest/1040x760/1641712.png","https://www.nba.com/player/1641712"
"P0406","D'Angelo Russell","1626156","78","https://cdn.nba.com/headshots/nba/latest/1040x760/1626156.png","https://www.nba.com/player/1626156"
"P0407","Domantas Sabonis","1627734","87","https://cdn.nba.com/headshots/nba/latest/1040x760/1627734.png","https://www.nba.com/player/1627734"
"P0408","Tidjane Salaün","1642275","72","https://cdn.nba.com/headshots/nba/latest/1040x760/1642275.png","https://www.nba.com/player/1642275"
"P0409","Hunter Sallis","1642282","","https://cdn.nba.com/headshots/nba/latest/1040x760/1642282.png","https://www.nba.com/player/1642282"
"P0410","Kobe Sanders","1642920","68","https://cdn.nba.com/headshots/nba/latest/1040x760/1642920.png","https://www.nba.com/player/1642920"
"P0411","Gui Santos","1630611","73","https://cdn.nba.com/headshots/nba/latest/1040x760/1630611.png","https://www.nba.com/player/1630611"
"P0412","Ben Saraf","1642879","69","https://cdn.nba.com/headshots/nba/latest/1040x760/1642879.png","https://www.nba.com/player/1642879"
"P0413","Dario Šarić","203967","74","https://cdn.nba.com/headshots/nba/latest/1040x760/203967.png","https://www.nba.com/player/203967"
"P0414","Alex Sarr","1642259","","https://cdn.nba.com/headshots/nba/latest/1040x760/1642259.png","https://www.nba.com/player/1642259"
"P0415","Marcus Sasser","1631204","","https://cdn.nba.com/headshots/nba/latest/1040x760/1631204.png","https://www.nba.com/player/1631204"
"P0416","Baylor Scheierman","1631248","71","https://cdn.nba.com/headshots/nba/latest/1040x760/1631248.png","https://www.nba.com/player/1631248"
"P0417","Dennis Schröder","203471","78","https://cdn.nba.com/headshots/nba/latest/1040x760/203471.png","https://www.nba.com/player/203471"
"P0418","Mark Sears","1641813","","https://cdn.nba.com/headshots/nba/latest/1040x760/1641813.png","https://www.nba.com/player/1641813"
"P0419","Alperen Sengun","1630578","88","https://cdn.nba.com/headshots/nba/latest/1040x760/1630578.png","https://www.nba.com/player/1630578"
"P0420","Brice Sensabaugh","1641729","75","https://cdn.nba.com/headshots/nba/latest/1040x760/1641729.png","https://www.nba.com/player/1641729"
"P0421","Collin Sexton","1629012","80","https://cdn.nba.com/headshots/nba/latest/1040x760/1629012.png","https://www.nba.com/player/1629012"
"P0422","Landry Shamet","1629013","71","https://cdn.nba.com/headshots/nba/latest/1040x760/1629013.png","https://www.nba.com/player/1629013"
"P0423","Terrence Shannon Jr.","1630545","73","https://cdn.nba.com/headshots/nba/latest/1040x760/1630545.png","https://www.nba.com/player/1630545"
"P0424","Day'Ron Sharpe","1630549","","https://cdn.nba.com/headshots/nba/latest/1040x760/1630549.png","https://www.nba.com/player/1630549"
"P0425","Shaedon Sharpe","1631101","","https://cdn.nba.com/headshots/nba/latest/1040x760/1631101.png","https://www.nba.com/player/1631101"
"P0426","Jamal Shead","1642347","73","https://cdn.nba.com/headshots/nba/latest/1040x760/1642347.png","https://www.nba.com/player/1642347"
"P0427","Ben Sheppard","1641767","","https://cdn.nba.com/headshots/nba/latest/1040x760/1641767.png","https://www.nba.com/player/1641767"
"P0428","Reed Sheppard","1642263","75","https://cdn.nba.com/headshots/nba/latest/1040x760/1642263.png","https://www.nba.com/player/1642263"
"P0429","Max Shulga","1642917","68","https://cdn.nba.com/headshots/nba/latest/1040x760/1642917.png","https://www.nba.com/player/1642917"
"P0430","Pascal Siakam","1627783","","https://cdn.nba.com/headshots/nba/latest/1040x760/1627783.png","https://www.nba.com/player/1627783"
"P0431","Anfernee Simons","1629014","78","https://cdn.nba.com/headshots/nba/latest/1040x760/1629014.png","https://www.nba.com/player/1629014"
"P0432","KJ Simpson","1642354","72","https://cdn.nba.com/headshots/nba/latest/1040x760/1642354.png","https://www.nba.com/player/1642354"
"P0433","Jericho Sims","1630579","","https://cdn.nba.com/headshots/nba/latest/1040x760/1630579.png","https://www.nba.com/player/1630579"
"P0434","Javon Small","1642914","69","https://cdn.nba.com/headshots/nba/latest/1040x760/1642914.png","https://www.nba.com/player/1642914"
"P0435","Marcus Smart","203935","80","https://cdn.nba.com/headshots/nba/latest/1040x760/203935.png","https://www.nba.com/player/203935"
"P0436","Dru Smith","1630696","70","https://cdn.nba.com/headshots/nba/latest/1040x760/1630696.png","https://www.nba.com/player/1630696"
"P0437","Jalen Smith","1630188","75","https://cdn.nba.com/headshots/nba/latest/1040x760/1630188.png","https://www.nba.com/player/1630188"
"P0438","Tolu Smith","1642449","","https://cdn.nba.com/headshots/nba/latest/1040x760/1642449.png","https://www.nba.com/player/1642449"
"P0439","Jabari Smith Jr.","1631095","78","https://cdn.nba.com/headshots/nba/latest/1040x760/1631095.png","https://www.nba.com/player/1631095"
"P0440","Nick Smith Jr.","1641733","74","https://cdn.nba.com/headshots/nba/latest/1040x760/1641733.png","https://www.nba.com/player/1641733"
"P0441","Jeremy Sochan","1631110","77","https://cdn.nba.com/headshots/nba/latest/1040x760/1631110.png","https://www.nba.com/player/1631110"
"P0442","Thomas Sorber","1642850","71","https://cdn.nba.com/headshots/nba/latest/1040x760/1642850.png","https://www.nba.com/player/1642850"
"P0443","Cam Spencer","1642285","68","https://cdn.nba.com/headshots/nba/latest/1040x760/1642285.png","https://www.nba.com/player/1642285"
"P0444","Pat Spencer","1630311","","https://cdn.nba.com/headshots/nba/latest/1040x760/1630311.png","https://www.nba.com/player/1630311"
"P0445","Isaiah Stevens","1641815","68","https://cdn.nba.com/headshots/nba/latest/1040x760/1641815.png","https://www.nba.com/player/1641815"
"P0446","Isaiah Stewart","1630191","","https://cdn.nba.com/headshots/nba/latest/1040x760/1630191.png","https://www.nba.com/player/1630191"
"P0447","Julian Strawther","1631124","74","https://cdn.nba.com/headshots/nba/latest/1040x760/1631124.png","https://www.nba.com/player/1631124"
"P0448","Max Strus","1629622","77","https://cdn.nba.com/headshots/nba/latest/1040x760/1629622.png","https://www.nba.com/player/1629622"
"P0449","Jalen Suggs","1630591","82","https://cdn.nba.com/headshots/nba/latest/1040x760/1630591.png","https://www.nba.com/player/1630591"
"P0450","Jae'Sean Tate","1630256","72","https://cdn.nba.com/headshots/nba/latest/1040x760/1630256.png","https://www.nba.com/player/1630256"
"P0451","Jayson Tatum","1628369","94","https://cdn.nba.com/headshots/nba/latest/1040x760/1628369.png","https://www.nba.com/player/1628369"
"P0452","Jahmyl Telfort","1643141","","https://cdn.nba.com/headshots/nba/latest/1040x760/1643141.png","https://www.nba.com/player/1643141"
"P0453","Garrett Temple","202066","70","https://cdn.nba.com/headshots/nba/latest/1040x760/202066.png","https://www.nba.com/player/202066"
"P0454","Dalen Terry","1631207","72","https://cdn.nba.com/headshots/nba/latest/1040x760/1631207.png","https://www.nba.com/player/1631207"
"P0455","Adou Thiero","1642876","","https://cdn.nba.com/headshots/nba/latest/1040x760/1642876.png","https://www.nba.com/player/1642876"
"P0456","Cam Thomas","1630560","","https://cdn.nba.com/headshots/nba/latest/1040x760/1630560.png","https://www.nba.com/player/1630560"
"P0457","Amen Thompson","1641708","87","https://cdn.nba.com/headshots/nba/latest/1040x760/1641708.png","https://www.nba.com/player/1641708"
"P0458","Ausar Thompson","1641709","","https://cdn.nba.com/headshots/nba/latest/1040x760/1641709.png","https://www.nba.com/player/1641709"
"P0459","Klay Thompson","202691","79","https://cdn.nba.com/headshots/nba/latest/1040x760/202691.png","https://www.nba.com/player/202691"
"P0460","Matisse Thybulle","1629680","","https://cdn.nba.com/headshots/nba/latest/1040x760/1629680.png","https://www.nba.com/player/1629680"
"P0461","Xavier Tillman","1630214","72","https://cdn.nba.com/headshots/nba/latest/1040x760/1630214.png","https://www.nba.com/player/1630214"
"P0462","Nae'Qwan Tomlin","1641772","69","https://cdn.nba.com/headshots/nba/latest/1040x760/1641772.png","https://www.nba.com/player/1641772"
"P0463","John Tonje","1642910","","https://cdn.nba.com/headshots/nba/latest/1040x760/1642910.png","https://www.nba.com/player/1642910"
"P0464","Alex Toohey","1642893","68","https://cdn.nba.com/headshots/nba/latest/1040x760/1642893.png","https://www.nba.com/player/1642893"
"P0465","Nikola Topić","1642260","72","https://cdn.nba.com/headshots/nba/latest/1040x760/1642260.png","https://www.nba.com/player/1642260"
"P0466","Jacob Toppin","1631210","67","https://cdn.nba.com/headshots/nba/latest/1040x760/1631210.png","https://www.nba.com/player/1631210"
"P0467","Obi Toppin","1630167","","https://cdn.nba.com/headshots/nba/latest/1040x760/1630167.png","https://www.nba.com/player/1630167"
"P0468","Karl-Anthony Towns","1626157","92","https://cdn.nba.com/headshots/nba/latest/1040x760/1626157.png","https://www.nba.com/player/1626157"
"P0469","Nolan Traore","1642849","70","https://cdn.nba.com/headshots/nba/latest/1040x760/1642849.png","https://www.nba.com/player/1642849"
"P0470","Luke Travers","1631247","69","https://cdn.nba.com/headshots/nba/latest/1040x760/1631247.png","https://www.nba.com/player/1631247"
"P0471","Gary Trent Jr.","1629018","","https://cdn.nba.com/headshots/nba/latest/1040x760/1629018.png","https://www.nba.com/player/1629018"
"P0472","Oscar Tshiebwe","1631131","70","https://cdn.nba.com/headshots/nba/latest/1040x760/1631131.png","https://www.nba.com/player/1631131"
"P0473","Myles Turner","1626167","81","https://cdn.nba.com/headshots/nba/latest/1040x760/1626167.png","https://www.nba.com/player/1626167"
"P0474","Hunter Tyson","1641816","70","https://cdn.nba.com/headshots/nba/latest/1040x760/1641816.png","https://www.nba.com/player/1641816"
"P0475","Jaylon Tyson","1642281","72","https://cdn.nba.com/headshots/nba/latest/1040x760/1642281.png","https://www.nba.com/player/1642281"
"P0476","Jonas Valančiūnas","202685","77","https://cdn.nba.com/headshots/nba/latest/1040x760/202685.png","https://www.nba.com/player/202685"
"P0477","Jarred Vanderbilt","1629020","78","https://cdn.nba.com/headshots/nba/latest/1040x760/1629020.png","https://www.nba.com/player/1629020"
"P0478","Fred VanVleet","1627832","82","https://cdn.nba.com/headshots/nba/latest/1040x760/1627832.png","https://www.nba.com/player/1627832"
"P0479","Devin Vassell","1630170","81","https://cdn.nba.com/headshots/nba/latest/1040x760/1630170.png","https://www.nba.com/player/1630170"
"P0480","Gabe Vincent","1629216","74","https://cdn.nba.com/headshots/nba/latest/1040x760/1629216.png","https://www.nba.com/player/1629216"
"P0481","Nikola Vučević","202696","82","https://cdn.nba.com/headshots/nba/latest/1040x760/202696.png","https://www.nba.com/player/202696"
"P0482","Tristan Vukcevic","1641774","70","https://cdn.nba.com/headshots/nba/latest/1040x760/1641774.png","https://www.nba.com/player/1641774"
"P0483","Dean Wade","1629731","74","https://cdn.nba.com/headshots/nba/latest/1040x760/1629731.png","https://www.nba.com/player/1629731"
"P0484","Franz Wagner","1630532","86","https://cdn.nba.com/headshots/nba/latest/1040x760/1630532.png","https://www.nba.com/player/1630532"
"P0485","Moritz Wagner","1629021","76","https://cdn.nba.com/headshots/nba/latest/1040x760/1629021.png","https://www.nba.com/player/1629021"
"P0486","Jabari Walker","1631133","","https://cdn.nba.com/headshots/nba/latest/1040x760/1631133.png","https://www.nba.com/player/1631133"
"P0487","Jarace Walker","1641716","","https://cdn.nba.com/headshots/nba/latest/1040x760/1641716.png","https://www.nba.com/player/1641716"
"P0488","Cason Wallace","1641717","79","https://cdn.nba.com/headshots/nba/latest/1040x760/1641717.png","https://www.nba.com/player/1641717"
"P0489","Keaton Wallace","1630811","70","https://cdn.nba.com/headshots/nba/latest/1040x760/1630811.png","https://www.nba.com/player/1630811"
"P0490","Jordan Walsh","1641775","70","https://cdn.nba.com/headshots/nba/latest/1040x760/1641775.png","https://www.nba.com/player/1641775"
"P0491","Ja'Kobe Walter","1642266","74","https://cdn.nba.com/headshots/nba/latest/1040x760/1642266.png","https://www.nba.com/player/1642266"
"P0492","Kel'el Ware","1642276","79","https://cdn.nba.com/headshots/nba/latest/1040x760/1642276.png","https://www.nba.com/player/1642276"
"P0493","P.J. Washington","1629023","79","https://cdn.nba.com/headshots/nba/latest/1040x760/1629023.png","https://www.nba.com/player/1629023"
"P0494","Lindy Waters III","1630322","","https://cdn.nba.com/headshots/nba/latest/1040x760/1630322.png","https://www.nba.com/player/1630322"
"P0495","Trendon Watford","1630570","","https://cdn.nba.com/headshots/nba/latest/1040x760/1630570.png","https://www.nba.com/player/1630570"
"P0496","Jamir Watkins","1642364","","https://cdn.nba.com/headshots/nba/latest/1040x760/1642364.png","https://www.nba.com/player/1642364"
"P0497","Peyton Watson","1631212","75","https://cdn.nba.com/headshots/nba/latest/1040x760/1631212.png","https://www.nba.com/player/1631212"
"P0498","Jaylen Wells","1642377","76","https://cdn.nba.com/headshots/nba/latest/1040x760/1642377.png","https://www.nba.com/player/1642377"
"P0499","Victor Wembanyama","1641705","95","https://cdn.nba.com/headshots/nba/latest/1040x760/1641705.png","https://www.nba.com/player/1641705"
"P0500","Blake Wesley","1631104","","https://cdn.nba.com/headshots/nba/latest/1040x760/1631104.png","https://www.nba.com/player/1631104"
"P0501","Russell Westbrook","201566","","https://cdn.nba.com/headshots/nba/latest/1040x760/201566.png","https://www.nba.com/player/201566"
"P0502","Coby White","1629632","","https://cdn.nba.com/headshots/nba/latest/1040x760/1629632.png","https://www.nba.com/player/1629632"
"P0503","Derrick White","1628401","84","https://cdn.nba.com/headshots/nba/latest/1040x760/1628401.png","https://www.nba.com/player/1628401"
"P0504","Cam Whitmore","1641715","74","https://cdn.nba.com/headshots/nba/latest/1040x760/1641715.png","https://www.nba.com/player/1641715"
"P0505","Aaron Wiggins","1630598","77","https://cdn.nba.com/headshots/nba/latest/1040x760/1630598.png","https://www.nba.com/player/1630598"
"P0506","Andrew Wiggins","203952","80","https://cdn.nba.com/headshots/nba/latest/1040x760/203952.png","https://www.nba.com/player/203952"
"P0507","Amari Williams","1642873","69","https://cdn.nba.com/headshots/nba/latest/1040x760/1642873.png","https://www.nba.com/player/1642873"
"P0508","Brandon Williams","1630314","73","https://cdn.nba.com/headshots/nba/latest/1040x760/1630314.png","https://www.nba.com/player/1630314"
"P0509","Cody Williams","1642262","72","https://cdn.nba.com/headshots/nba/latest/1040x760/1642262.png","https://www.nba.com/player/1642262"
"P0510","Grant Williams","1629684","73","https://cdn.nba.com/headshots/nba/latest/1040x760/1629684.png","https://www.nba.com/player/1629684"
"P0511","Jalen Williams","1631114","90","https://cdn.nba.com/headshots/nba/latest/1040x760/1631114.png","https://www.nba.com/player/1631114"
"P0512","Jaylin Williams","1631119","75","https://cdn.nba.com/headshots/nba/latest/1040x760/1631119.png","https://www.nba.com/player/1631119"
"P0513","Kenrich Williams","1629026","76","https://cdn.nba.com/headshots/nba/latest/1040x760/1629026.png","https://www.nba.com/player/1629026"
"P0514","Mark Williams","1631109","","https://cdn.nba.com/headshots/nba/latest/1040x760/1631109.png","https://www.nba.com/player/1631109"
"P0515","Patrick Williams","1630172","75","https://cdn.nba.com/headshots/nba/latest/1040x760/1630172.png","https://www.nba.com/player/1630172"
"P0516","Ziaire Williams","1630533","75","https://cdn.nba.com/headshots/nba/latest/1040x760/1630533.png","https://www.nba.com/player/1630533"
"P0517","Robert Williams III","1629057","","https://cdn.nba.com/headshots/nba/latest/1040x760/1629057.png","https://www.nba.com/player/1629057"
"P0518","Vince Williams Jr.","1631246","73","https://cdn.nba.com/headshots/nba/latest/1040x760/1631246.png","https://www.nba.com/player/1631246"
"P0519","Zion Williamson","1629627","87","https://cdn.nba.com/headshots/nba/latest/1040x760/1629627.png","https://www.nba.com/player/1629627"
"P0520","Jalen Wilson","1630592","74","https://cdn.nba.com/headshots/nba/latest/1040x760/1630592.png","https://www.nba.com/player/1630592"
"P0521","James Wiseman","1630164","72","https://cdn.nba.com/headshots/nba/latest/1040x760/1630164.png","https://www.nba.com/player/1630164"
"P0522","Danny Wolf","1642874","71","https://cdn.nba.com/headshots/nba/latest/1040x760/1642874.png","https://www.nba.com/player/1642874"
"P0523","Guerschon Yabusele","1627824","77","https://cdn.nba.com/headshots/nba/latest/1040x760/1627824.png","https://www.nba.com/player/1627824"
"P0524","Yang Hansen","1642905","","https://cdn.nba.com/headshots/nba/latest/1040x760/1642905.png","https://www.nba.com/player/1642905"
"P0525","Jahmir Young","1642443","67","https://cdn.nba.com/headshots/nba/latest/1040x760/1642443.png","https://www.nba.com/player/1642443"
"P0526","Trae Young","1629027","88","https://cdn.nba.com/headshots/nba/latest/1040x760/1629027.png","https://www.nba.com/player/1629027"
"P0527","Chris Youngblood","1642959","","https://cdn.nba.com/headshots/nba/latest/1040x760/1642959.png","https://www.nba.com/player/1642959"
"P0528","Rocco Zikarsky","1642911","68","https://cdn.nba.com/headshots/nba/latest/1040x760/1642911.png","https://www.nba.com/player/1642911"
"P0529","Ivica Zubac","1627826","87","https://cdn.nba.com/headshots/nba/latest/1040x760/1627826.png","https://www.nba.com/player/1627826"
"P0530","N’Faly Dante","None","68","https://cdn.nba.com/headshots/nba/latest/1040x760/1642368.png","https://www.2kratings.com/players/n’faly-dante"
"P0531","Nikola Djurisic","None","68","None","https://www.2kratings.com/players/nikola-djurisic"
"P0532","Eli N’Diaye","None","68","None","https://www.2kratings.com/players/eli-n’diaye"
"P0533","Vasilije Micic","None","75","None","https://www.hoopshype.com/nba-2k/players/vasilije-micic/830652/"
"P0534","Bol Bol","None","75","None","https://www.hoopshype.com/nba-2k/players/bol-bol/1134730/"
"P0535","Damion Lee","None","74","None","https://www.hoopshype.com/nba-2k/players/damion-lee/609081/"
"P0536","TyTy Washington Jr.","None","71","None","https://www.hoopshype.com/nba-2k/players/tyty-washington-jr./1340789/"
"P0537","EJ Harkless","None","67","https://www.gannett-cdn.com/content-pipeline-sports-images/sports2/nba/logos/26.png?format=png8&auto=webp&quality=85,75&width=30","/nba-2k/players/ej-harkless/1136744/"
"P0538","Malcolm Brogdon","None","80","None","None"
"P0539","Alexandre Sarr","None","75","https://cdn.nba.com/headshots/nba/latest/1040x760/1642259.png","None"
"P0540","Richaun Holmes","None","74","None","None"
"P0541","JT Thor","None","71","None","None"
"P0542","Jaylen Martin","None","67","None","None"
"P0543","Yuki Kawamura","None","68","https://www.nba2klab.com/assets/images/players/yuki-kawamura.png","https://www.nba2klab.com/players/yuki-kawamura"
"P0544","Cameron Thomas","None","80","https://cdn.nba.com/headshots/nba/latest/1040x760/1630560.png","https://www.nba2klab.com/players/cameron-thomas"
"P0545","Nicolas Claxton","None","79","https://cdn.nba.com/headshots/nba/latest/1040x760/1629651.png","https://www.nba2klab.com/players/nicolas-claxton"
"P0546","Terence Mann","None","75","https://www.nba2klab.com/assets/images/players/terence-mann.png","https://www.nba2klab.com/players/terence-mann"
"P0547","Keon Johnson","None","74","https://www.nba2klab.com/assets/images/players/keon-johnson.png","https://www.nba2klab.com/players/keon-johnson"
"P0548","Dario Whitehead","None","72","https://www.nba2klab.com/assets/images/players/dario-whitehead.png","https://www.nba2klab.com/players/dario-whitehead"
"P0549","Ricky Council IV","None","72","https://www.nba2klab.com/assets/images/players/ricky-council-iv.png","https://www.nba2klab.com/players/ricky-council-iv"
"P0550","Drew Timme","None","70","https://www.nba2klab.com/assets/images/players/drew-timme.png","https://www.nba2klab.com/players/drew-timme"
"P0551","Spencer Dinwiddie","None","76","https://www.nba2klab.com/assets/images/players/spencer-dinwiddie.png","https://www.nba2klab.com/players/spencer-dinwiddie"
"P0552","Daniel Gaffford","None","80","https://cdn.nba.com/headshots/nba/latest/1040x760/1629655.png","https://www.nba2klab.com/teams/dallas-mavericks/daniel-gaffford"
"P0553","Shake Milton","None","72","None","None"
"P0554","Alex Len","None","71","None","None"
"P0555","Markieff Morris","None","70","None","None"
"P0556","Stephon Curry","None","94","https://cdn.nba.com/headshots/nba/latest/1040x760/201939.png","https://www.nba2klab.com/teams/golden-state-warriors/stephon-curry"
"P0557","Jahmai Mashack","None","68","https://www.nba2klab.com/images/players/jahmai-mashack.png","https://www.nba2klab.com/players/jahmai-mashack"
"P0558","Josh Richardson","None","75","https://nba.2k.com/assets/players/josh-richardson.png","https://nba.2k.com/players/josh-richardson"
"P0559","Kira Lewis Jr.","None","74","https://nba.2k.com/assets/players/kira-lewis-jr.png","https://nba.2k.com/players/kira-lewis-jr"
"P0560","Matt Ryan","None","72","https://nba.2k.com/assets/players/matt-ryan.png","https://nba.2k.com/players/matt-ryan"
"P0561","Dereon Seabron","None","71","https://nba.2k.com/assets/players/dereon-seabron.png","https://nba.2k.com/players/dereon-seabron"
"P0562","Terence Davis","None","71","https://www.nba2klab.com/_next/image?url=https%3A%2F%2Fcdn.nba2klab.com%2Fplayer-portraits%2Fterence-davis.png&w=384&q=75","https://www.nba2klab.com/players/terence-davis"
"P0563","Ulrich Chomche","None","68","https://www.nba2klab.com/_next/image?url=https%3A%2F%2Fres.cloudinary.com%2Fnba2klab%2Fimage%2Fupload%2Fv1757545680%2F2026%2FNBA%2FRoster%2FPlayers%2FUlrich-Chomche-68.png&w=640&q=75","https://www.nba2klab.com/teams/toronto-raptors/ulrich-chomche"
"P0564","MarJon Beauchamp","None","73","None","https://www.2kratings.com/players/marjon-beauchamp"
"P0565","Malik Beasley","None","78","None","https://www.2kratings.com/players/malik-beasley"
"P0566","Ben Simmons","None","77","None","https://www.2kratings.com/players/ben-simmons"
"P0567","Malcolm Brogdon","None","77","None","https://www.2kratings.com/players/malcolm-brogdon"
"P0568","Cameron Payne","None","75","None","https://www.2kratings.com/players/cameron-payne"
"P0569","Torrey Craig","None","74","None","https://www.2kratings.com/players/torrey-craig"
"P0570","DaQuan Jeffries","None","74","None","https://www.2kratings.com/players/daquan-jeffries"
"P0571","Brandon Boston Jr.","None","74","None","https://www.2kratings.com/players/brandon-boston-jr"
"P0572","Trey Lyles","None","74","None","https://www.2kratings.com/players/trey-lyles"
"P0573","Shake Milton","None","74","None","https://www.2kratings.com/players/shake-milton"
"P0574","Seth Curry","None","74","None","https://www.2kratings.com/players/seth-curry"
"P0575","Alec Burks","None","74","None","https://www.2kratings.com/players/alec-burks"
"P0576","Bojan Bogdanovic","None","74","https://cdn.nba.com/headshots/nba/latest/1040x760/203992.png","https://www.2kratings.com/players/bojan-bogdanovic"
"P0577","Dalano Banton","None","73","None","https://www.2kratings.com/players/dalano-banton"
"P0578","Garrison Mathews","None","73","None","https://www.2kratings.com/players/garrison-mathews"
"P0579","Kenyon Martin Jr.","None","73","None","https://www.2kratings.com/players/kenyon-martin-jr"
"P0580","Reggie Jackson","None","73","None","https://www.2kratings.com/players/reggie-jackson"
"P0581","Damion Lee","None","73","None","https://www.2kratings.com/players/damion-lee"
"P0582","Delon Wright","None","73","None","https://www.2kratings.com/players/delon-wright"
"P0583","Bol Bol","None","73","None","https://www.2kratings.com/players/bol-bol"
"P0584","Jae Crowder","None","73","None","https://www.2kratings.com/players/jae-crowder"
"P0585","Richaun Holmes","None","73","None","https://www.2kratings.com/players/richaun-holmes"
"P0586","Dariq Whitehead","None","72","None","https://www.2kratings.com/players/dariq-whitehead"
"P0587","Cory Joseph","None","72","None","https://www.2kratings.com/players/cory-joseph"
"P0588","Jalen McDaniels","None","72","None","https://www.2kratings.com/players/jalen-mcdaniels"
"P0589","Daniel Theis","None","72","None","https://www.2kratings.com/players/daniel-theis"
"P0590","Jared Butler","None","72","None","https://www.2kratings.com/players/jared-butler"
"P0591","Lonnie Walker IV","None","72","None","https://www.2kratings.com/players/lonnie-walker-iv"
"P0592","Elfrid Payton","None","72","None","https://www.2kratings.com/players/elfrid-payton"
"P0593","Christian Wood","None","72","None","https://www.2kratings.com/players/christian-wood"
"P0594","Cam Reddish","None","72","None","https://www.2kratings.com/players/cam-reddish"
"P0595","Kessler Edwards","None","72","None","https://www.2kratings.com/players/kessler-edwards"
"P0596","Micah Potter","None","71","None","https://www.2kratings.com/players/micah-potter"
"P0597","Chris Duarte","None","71","None","https://www.2kratings.com/players/chris-duarte"
"P0598","Jaden Springer","None","71","None","https://www.2kratings.com/players/jaden-springer"
"P0599","Jared Rhoden","None","71","None","https://www.2kratings.com/players/jared-rhoden"
"P0600","Vlatko Cancar","None","71","None","https://www.2kratings.com/players/vlatko-cancar"
"P0601","Trevelin Queen","None","71","None","https://www.2kratings.com/players/trevelin-queen"
"P0602","David Roddy","None","71","None","https://www.2kratings.com/players/david-roddy"
"P0603","Patty Mills","None","71","None","https://www.2kratings.com/players/patty-mills"
"P0604","Josh Richardson","None","71","None","https://www.2kratings.com/players/josh-richardson"
"P0605","Killian Hayes","None","71","None","https://www.2kratings.com/players/killian-hayes"
"P0606","Jeff Dowtin","None","71","None","https://www.2kratings.com/players/jeff-dowtin"
"P0607","Mo Bamba","None","71","None","https://www.2kratings.com/players/mo-bamba"
"P0608","Talen Horton-Tucker","None","71","None","https://www.2kratings.com/players/talen-horton-tucker"
"P0609","P.J. Tucker","None","71","None","https://www.2kratings.com/players/pj-tucker"
"P0610","Terry Taylor","None","71","None","https://www.2kratings.com/players/terry-taylor"
"P0611","Markelle Fultz","None","71","None","https://www.2kratings.com/players/markelle-fultz"
"P0612","Lamar Stevens","None","71","None","https://www.2kratings.com/players/lamar-stevens"
"P0613","Chuma Okeke","None","70","None","https://www.2kratings.com/players/chuma-okeke"
"P0614","Alex Reese","None","70","None","https://www.2kratings.com/players/alex-reese"
"P0615","Cole Swider","None","70","None","https://www.2kratings.com/players/cole-swider"
"P0616","Patrick Baldwin Jr.","None","70","None","https://www.2kratings.com/players/patrick-baldwin-jr"
"P0617","Lester Quinones","None","70","None","https://www.2kratings.com/players/lester-quinones"
"P0618","P.J. Dozier","None","70","None","https://www.2kratings.com/players/pj-dozier"
"P0619","Kevin Knox II","None","70","None","https://www.2kratings.com/players/kevin-knox-ii"
"P0620","Kylor Kelley","None","70","None","https://www.2kratings.com/players/kylor-kelley"
"P0621","Johnny Davis","None","70","None","https://www.2kratings.com/players/johnny-davis"
"P0622","Jalen Hood-Schifino","None","70","None","https://www.2kratings.com/players/jalen-hood-schifino"
"P0623","Maxwell Lewis","None","70","None","https://www.2kratings.com/players/maxwell-lewis"
"P0624","Oshae Brissett","None","70","None","https://www.2kratings.com/players/oshae-brissett"
"P0625","Alex Len","None","70","None","https://www.2kratings.com/players/alex-len"
"P0626","Jaylen Nowell","None","70","None","https://www.2kratings.com/players/jaylen-nowell"
"P0627","JT Thor","None","70","None","https://www.2kratings.com/players/jt-thor"
"P0628","TyTy Washington","None","70","None","https://www.2kratings.com/players/tyty-washington"
"P0629","Stanley Umude","None","70","None","https://www.2kratings.com/players/stanley-umude"
"P0630","Malachi Flynn","None","70","None","https://www.2kratings.com/players/malachi-flynn"
"P0631","Kai Jones","None","70","None","https://www.2kratings.com/players/kai-jones"
"P0632","Bruno Fernando","None","70","None","https://www.2kratings.com/players/bruno-fernando"
"P0633","Taj Gibson","None","70","None","https://www.2kratings.com/players/taj-gibson"
"P0634","Jahlil Okafor","None","70","None","https://www.2kratings.com/players/jahlil-okafor"
"P0635","Cody Zeller","None","70","None","https://www.2kratings.com/players/cody-zeller"
"P0636","Matt Ryan","None","70","None","https://www.2kratings.com/players/matt-ryan"
"P0637","Wendell Moore Jr.","None","70","None","https://www.2kratings.com/players/wendell-moore-jr"
"P0638","Moses Brown","None","70","None","https://www.2kratings.com/players/moses-brown"
"P0639","James Johnson","None","70","None","https://www.2kratings.com/players/james-johnson"
"P0640","Tristan Thompson","None","70","None","https://www.2kratings.com/players/tristan-thompson"
"P0641","Josh Christopher","None","70","None","https://www.2kratings.com/players/josh-christopher"
"P0642","Nate Williams","None","69","None","https://www.2kratings.com/players/nate-williams"
"P0643","Justin Minaya","None","69","None","https://www.2kratings.com/players/justin-minaya"
"P0644","Reece Beekman","None","69","None","https://www.2kratings.com/players/reece-beekman"
"P0645","Dillon Jones","None","69","None","https://www.2kratings.com/players/dillon-jones"
"P0646","David Duke Jr.","None","69","None","https://www.2kratings.com/players/david-duke-jr"
"P0647","Tyler Smith","None","69","None","https://www.2kratings.com/players/tyler-smith"
"P0648","Daishen Nix","None","69","None","https://www.2kratings.com/players/daishen-nix"
"P0649","Mason Jones","None","69","None","https://www.2kratings.com/players/mason-jones"
"P0650","Jason Preston","None","69","None","https://www.2kratings.com/players/jason-preston"
"P0651","Eugene Omoruyi","None","69","None","https://www.2kratings.com/players/eugene-omoruyi"
"P0652","Skal Labissiere","None","69","None","https://www.2kratings.com/players/skal-labissiere"
"P0653","Kendall Brown","None","69","None","https://www.2kratings.com/players/kendall-brown"
"P0654","DJ Steward","None","68","None","https://www.2kratings.com/players/dj-steward"
"P0655","Javante McCoy","None","68","None","https://www.2kratings.com/players/javante-mccoy"
"P0656","Taze Moore","None","68","None","https://www.2kratings.com/players/taze-moore"
"P0657","Tristen Newton","None","68","None","https://www.2kratings.com/players/tristen-newton"
"P0658","Marcus Garrett","None","68","None","https://www.2kratings.com/players/marcus-garrett"
"P0659","Isaiah Mobley","None","68","None","https://www.2kratings.com/players/isaiah-mobley"
"P0660","Phillip Wheeler","None","68","None","https://www.2kratings.com/players/phillip-wheeler"
"P0661","Seth Lundy","None","68","None","https://www.2kratings.com/players/seth-lundy"
"P0662","Adama Sanogo","None","68","None","https://www.2kratings.com/players/adama-sanogo"
"P0663","D.J. Carton","None","68","None","https://www.2kratings.com/players/dj-carton"
"P0664","Malevy Leons","None","68","None","https://www.2kratings.com/players/malevy-leons"
"P0665","Taran Armstrong","None","67","None","https://www.2kratings.com/players/taran-armstrong"
"P0666","Jamaree Bouyea","None","67","None","https://www.2kratings.com/players/jamaree-bouyea"
"P0667","Jazian Gortman","None","67","None","https://www.2kratings.com/players/jazian-gortman"
"P0668","Braxton Key","None","67","None","https://www.2kratings.com/players/braxton-key"
"P0669","Jalen Crutcher","None","67","None","https://www.2kratings.com/players/jalen-crutcher"
"P0670","Alondes Williams","None","67","None","https://www.2kratings.com/players/alondes-williams"
"P0671","Alex Ducas","None","67","None","https://www.2kratings.com/players/alex-ducas"
"P0672","Cui Yongxi","None","67","None","https://www.2kratings.com/players/cui-yongxi"
